,0
0,"{
  'entity_name': 'Artificial Intelligence (3)',
  'detailed_summary': 'Artificial Intelligence (3) is a multifaceted and rapidly evolving field, encompassing various sub-disciplines and applications. One significant aspect is the use of AI in lie detection devices, such as polygraphs, which measure physiological responses to assess truthfulness. The development of these devices can be traced back to the work of John Augustus Larson and Elizabeth Holloway Marston, with updates by Leonarde Keeler and the creation of the MACKENZIELEWIS POLYGRAPH. The use of polygraphs varies across jurisdictions, with some employing them in criminal investigations and employment vetting, while others have stricter regulations or outright bans due to concerns about their reliability. The ethical implications of AI in this context are being addressed by entities like the DeepMind Ethics and Society Board.

   Another key area is the development of AI systems by companies like DeepMind, Google, and IBM. DeepMind, for instance, has released AlphaTensor, a neuro-symbolic AI that utilizes reinforcement learning to solve mathematical problems, and developed AlphaGo, an AI system that defeated a world champion Go player in 2016. Google has developed Tensor Processing Units (TPUs) to enhance the performance of machine learning models. IBMs contribution includes Deep Blue, a chess-playing computer that famously defeated Garry Kasparov in 1997. AI is also being applied in healthcare, with DeepMind collaborating with the Royal Free NHS Foundation Trust to develop the Streams app, which helps diagnose acute kidney injury.

   The Psychopathy Assessment Tool, primarily the Hare Psychopathy Checklist - Revised (PCL-R), is a standardized instrument used to evaluate psychopathic traits in individuals across various settings. The PCL-R provides a comprehensive evaluation of an individual's personality structure, focusing on emotional deficiency, interpersonal conduct, and antisocial behavior.

   The concept of telepathy, a purported form of extrasensory communication, falls under the realm of parapsychology. Various experiments have been conducted to investigate the existence and potential of telepathy, such as those using Zener cards, thought wave lie detectors, and telepathy experiments at Northwestern University. However, the scientific community remains divided on the validity of telepathy.

   The term 'Miscellaneous' encompasses a diverse range of subjects and entities, primarily associated with academia, research, and animal studies. Notable individuals within this context include Daryl J Bem, Roger Fouts, and Herbert Terrace. Institutions such as Columbia University, NYU, Harvard University, and the Institute for Primate Studies have been involved in these studies. The field of linguistics has played a significant role in these studies, with Noam Chomsky's influential definition of language shaping the debate surrounding primate language abilities.

   Scientific Publications serve as a platform for the dissemination of research findings, scholarly works, and debates across various fields. These publications undergo a rigorous peer-review process to ensure the quality and validity of the work they publish. Controversies, such as the 'Feeling the Future Controversy' surrounding Daryl Bem's work, highlight the importance of maintaining rigorous standards and critical evaluation within the scientific community.

   The Ganzfeld Experiments are a series of investigations primarily associated with the field of parapsychology, designed to test for extrasensory perception (ESP) or psychic phenomena. Despite ongoing debates within the scientific community regarding the validity of psi phenomena, the Ganzfeld Experiments continue to be significant contributors to the ongoing study and exploration of these phenomena.

   Psychic Experiments refers to a series of studies and investigations into parapsychological phenomena, particularly telepathy, conducted by various individuals and organizations between approximately 1916 and 1937. However, some findings have been debunked or discredited, such as the initial research by Andrew Wakefield suggesting a link between vaccines and autism.

   Medicine, as represented in the provided descriptions, is a vast and multifaceted field encompassing various aspects of human health and wellbeing. It is primarily studied and practiced by healthcare professionals, with a significant number of them contributing to authoritative resources such as Harrison's Principles of Internal Medicine. The study of medicine extends to understanding psychopathy in professional settings and is intertwined with parapsychology.

   Neural Networks are a type of artificial intelligence system, primarily utilized in the AlphaGo program to play the board game Go. These networks are designed to learn from their experiences, allowing them to improve and adapt over time based on the data they process. They employ a pre-processing technique called GameSpecific Feature Detection, which involves detecting and extracting game-specific features from the raw input. Neural networks are versatile, as demonstrated by their application in various domains, such as text restoration and real-time strategy games like StarCraft II.

   Algorithmic Game Play refers to the application of various algorithms in the context of games, particularly in the domain of Go. Notable examples include AlphaGeometry, which demonstrated high proficiency in solving geometry-related tasks, and the Sorting Algorithm developed by AlphaDev, which offers efficiency improvements of up to 70% for shorter sequences and 1.7% for longer sequences. Monte Carlo Tree Search (MCTS) is a common technique used in these algorithms, employed by systems like AlphaGo and DARKFOREST to evaluate positions and identify high-probability moves.

   The term 'Pipeline' appears to be used in various contexts, each with a unique connotation. In some instances, it may refer to a controversial hypothesis suggesting that trails left behind by high-flying aircraft are not merely condensation from their exhaust, but rather contain chemicals for various purposes such as weather modification or population control. In the realm of finance and economics, 'Pipeline' seems to be an unspecified entity that may be associated with Burton Malkiel. In the field of media communication, 'Pipeline' is not explicitly mentioned, but it could be indirectly related to the article discussing mediated disasters and forms of rationalization. In the context of alternative medicine, 'Pipeline' is not directly mentioned, but it is associated with R. Barker Bausell. Lastly, in the field of mathematics, 'Pipeline' is not explicitly mentioned, but it is related to the use of superstructures and their monomorphisms to construct nonstandard models of analysis.'
}"
1,"{
  ""entity_name"": ""Behavioral Health"",
  ""detailed_summary"": ""Behavioral Health encompasses a diverse and interconnected community of topics, including various practices, substances, therapies, and disciplines that contribute to the understanding, prevention, and treatment of mental, emotional, and behavioral disorders. This field is characterized by its holistic approach, emphasizing the importance of addressing the whole person, rather than just the symptoms of a disorder.

  Medicine, as a sub-entity, represents a diverse group of healing practices and treatments that deviate from conventional medicine. These practices include acupuncture, herbalism, homeopathy, chiropractic care, and various other complementary and alternative medicines. They often emphasize natural, holistic, and non-invasive methods to prevent and treat various health conditions, and are often used as an alternative to or alongside conventional medical treatments.

  Legal Proceedings, another sub-entity, encompass a wide range of judicial processes, including trials, appeals, and other forms of dispute resolution. These proceedings can occur at various levels, from local courts to federal courts, and involve a diverse array of cases, such as civil, criminal, bankruptcy, and family law matters. Self-representation, or pro se representation, is a common aspect of legal proceedings, particularly in cases where individuals lack the means to hire legal representation.

  Energy, as a sub-entity, refers to the capacity to perform work or cause change. It can be found in various forms, such as electrical, mechanical, thermal, nuclear, and potential energy. The understanding and harnessing of energy have led to the development of technologies like electricity generation, transportation, and heating systems.

  Evolutionary Biology, as a sub-entity, is a field of study that focuses on the origins, diversity, and changes of species over time. It encompasses various aspects of life, including animals, plants, and microorganisms, and their development from common ancestors. Key concepts in Evolutionary Biology include natural selection, genetic variation, and adaptation.

  The European Union, as a sub-entity, is a political and economic union of 27 European countries, established in the post-World War II era. It serves as a platform for leaders to make significant decisions, such as selecting Donald Tusk as President of the European Council. The European Union operates under the Treaty on European Union (TEU), which outlines its fundamental principles, objectives, and institutions.

  Miscellaneous, as a sub-entity, is a diverse collection of information related to various aspects of cats, including their scientific names, genetic makeup, population estimates, behaviors, cultural significance, and historical introductions across different regions.

  Mental Disorders, as a sub-entity, is a broad category of health conditions that affect an individual's mood, thinking, and behavior. These disorders encompass a wide range of conditions, including but not limited to hysteria, mania, psychosis, Tourette's syndrome, epilepsy, schizophrenia, dissociative identity disorder, anxiety, depression, bipolar disorder, post-traumatic stress disorder (PTSD), obsessive-compulsive disorder (OCD), and eating disorders.

  Games, as a sub-entity, are a category of electronic media that offer interactive experiences to players. They can be found across various platforms, including consoles, mobile devices, and personal computers.

  The Demographic Study, as a sub-entity, is a broad term encompassing various surveys and research initiatives conducted across different countries and regions. These studies cover a wide range of topics, including but not limited to national identity, sexual orientation, health, relationships, and socio-economic factors.

  The Robotics Laws, as a sub-entity, are a set of ethical guidelines governing the behavior of robots and artificial intelligence. These laws, initially proposed by Isaac Asimov, consist of the Three Laws of Robotics and the Zeroth Law.

  Cats, as a sub-entity, are domesticated felines with a wide range of characteristics, behaviors, and relationships. They are known for their unique physical features, such as their large eyes, ears, and tails, which play significant roles in their communication and social interactions.

  Mathematics, as a sub-entity, is a comprehensive and systematic field of study that encompasses various concepts, theories, and structures. It deals with the organization, arrangement, and analysis of objects, numbers, and events.

  Alternative Medicine, as a sub-entity, refers to a diverse range of practices, substances, and therapies that are used in lieu of or in conjunction with conventional medicine. These practices encompass a wide array of methods, including herbalism, crystal healing, aromatherapy, chiropractic, and various forms of body work such as massage and acupressure.

  Cognitive Processing, as a sub-entity, refers to a broad range of psychological phenomena that describe how exposure to one stimulus influences a response to a subsequent stimulus, often outside of conscious awareness. This process, known as priming, can manifest in various ways, such as faster processing, altered responses, or facilitated information recall.

  Felines, as a sub-entity, encompass a wide range of species including domestic cats, wildcats, and big cats. They are known for their agility, stealth, and ability to climb trees. Their diet primarily consists of small animals such as mice, birds, and insects, but they can also eat commercial cat food.

  Health Agencies, as a sub-entity, are governmental or non-governmental organizations primarily focused on public health and safety. They play a crucial role in safeguarding the wellbeing of individuals and communities by monitoring, identifying, and responding to various health-related issues.

  The Spinal Structure, as a sub-entity, encompasses various components, including vertebrae, ribs, and associated joints, that form the axial skeleton. The vertebrae, numbering 31 in a human's spine (7 cervical, 12 thoracic, 5 lumbar, 5 sacral, and 4 coccygeal), play a crucial role in supporting the body, facilitating movement, and protecting the spinal cord.

  SARS, as a sub-entity, is a viral respiratory illness that primarily affects the lungs. It is caused by the SARS-CoV-2 virus, a zoonotic virus that originated in animals and spread to humans.

  Aviation, as a sub-entity, is a significant sector that encompasses air travel and aircraft operations. It is characterized by various components, systems, and entities that work together to ensure safe, efficient, and orderly air transportation.

  The Government, as a sub-entity, is a multifaceted entity that serves as the primary decision-making body in various political systems. It can be a centralized authority, such as the Unitary State, or a decentralized system, like the United States, where power is divided among multiple branches.

  Vietnamese Pop Music, as a sub-entity, is a genre of Mandarin-language popular music that originates from Taiwan, China, with unique elements and variations specific to Vietnamese culture and folklore.

  Astronomy, as a sub-entity, is the scientific study of celestial objects and the universe as a whole. It encompasses various phenomena beyond Earth's atmosphere, including stars, planets, comets, galaxies, and other celestial bodies.

  Murder Trials, as a sub-entity, are legal proceedings that take place when an individual is accused of unlawfully taking the life of another.

  Pollination, as a sub-entity, is a vital process in the reproduction of various plant species, facilitated by the transfer of pollen from male to female parts of a flower by various insects.

  Conspiracy Theories, as a sub-entity, encompass a diverse range of beliefs and theories that are not supported by evidence or scientific consensus. These theories often emerge in response to significant events and can be found across various domains, including politics, history, science, and entertainment.

  Polygraph Tests, as a sub-entity, are tools used to determine the veracity of an individual's statements regarding specific information. These tests are employed in various contexts, including law enforcement, employment screening, and reality television shows.

  Streaming Platforms, as a sub-entity, are digital media services that distribute a vast array of content, including films, television shows, and music, to consumers over the internet.

  The Broomstick, as a sub-entity, is a versatile tool with various applications across different cultures and contexts. Primarily, it serves as a cleaning tool, consisting of stiff fibers attached to a cylindrical handle, used for sweeping floors. However, beyond its practical use, the broomstick holds symbolic significance in various contexts.

  Military Operations, as a sub-entity, encompass a wide range of activities and strategies undertaken by armed forces worldwide. These operations can involve various aspects such as defense, offense, peacekeeping, and humanitarian missions.

  Manipulation, as a sub-entity, refers to a wide range of actions that involve the movement, control, or shaping of objects or body parts. In the context of the human body, manipulation primarily occurs through the hand, which is a versatile appendage consisting of five digits (fingers) connected by joints.

  Cognitive Processing, as a sub-entity, encompasses a wide range of mental activities and functions that enable individuals to perceive, process, and respond to information. This encompasses various aspects such as language processing, memory retrieval, attention, and decision-making.

  Legal Proceedings, as a sub-entity, encompasses a wide range of court cases and legislative acts, with a significant focus on the protection of individual rights and relationships. This includes the Spousal Testimonial Privilege, a legal rule that allows one spouse to refuse to testify against their partner in court proceedings, protecting the confidentiality of marital communications.

  Biology, as a sub-entity, is a comprehensive field of study that focuses on understanding the structure, function, and behavior of living organisms, including humans. It encompasses various disciplines such as anatomy, physiology, genetics, development, and pathology.

  Financial Markets, as a sub-entity, represent a global platform for trading securities, primarily stocks, between buyers and sellers. The analysis of financial markets is conducted in a top-down approach, considering the broader context of respective countries.

  Water, as a sub-entity, is a liquid that is essential for various life forms, including humans and cats. It is a key component of the Earth's ecosystem, serving as a significant natural feature in the form of oceans, lakes, rivers, and other inland water bodies.

  Film, as a sub-entity, is a creative and dynamic medium encompassing various forms of entertainment, primarily visual storytelling. It serves as a platform for exploring diverse subjects, from contemporary issues to historical events.

  Household Income, as a sub-entity, refers to the total earnings of a family or household, including various forms of income such as wages, salaries, bonuses, commissions, self-employment income, rental property income, interest, dividends, and alimony payments.

  Climate Art, as a sub-entity, refers to artistic works inspired by or addressing climate change and environmental issues. These works can be found across various mediums, such as visual arts, literature, music, and film.

  Political Parties, as a sub-entity, are organizations that play a significant role in shaping governance and policies within a nation. They can be found in various countries, such as Germany, the United States, and Slovenia.

  Energy Medicine, as a sub-entity, is a diverse and multifaceted domain of complementary and alternative medicine that focuses on the manipulation of energy fields within the body.

  Sexual Orientation, as a sub-entity, refers to an individual's enduring physical, romantic, and emotional attraction to members of the same sex, opposite sex, or both. This fundamental aspect of human identity encompasses various sexual orientations such as heterosexuality, homosexuality, bisexuality, pansexuality/omnisexuality, asexuality, and bicurious.

  Ancestry, as a sub-entity, refers to the lineage or descent of individuals, tracing back their genetic and genealogical connections. This concept is central to understanding human history, evolution, and migration patterns.

  Superstitions, as a sub-entity, are beliefs or practices that are not based on empirical evidence but are rooted in cultural traditions, folklore, or personal experiences. They often involve the attribution of supernatural influence to certain objects, numbers, symbols, animals, or events, and are believed to bring either good or bad luck.

  Misconceptions, as a sub-entity, refer to a group of false beliefs or factoids that are commonly accepted as true. These misconceptions can arise in various domains, such as science, history, culture, and more, often perpetuated through word-of-mouth, media, or popular culture.

  The Skinheads subculture, as a sub-entity, originated from the British working class in the 1950s, initially diverse and inclusive, with many of its early followers being black and West Indian. However, by the 1970s, far-right groups like the National Front began recruiting from this subculture for grassroots support, leading to an association between skinheads and white supremacy.

  Sports, as a sub-entity, is not explicitly mentioned but can be inferred from the descriptions of various organizations and institutions. These entities include educational institutions like colleges and universities, where sports are often taught and practiced.

  Demographics, as a sub-entity, refers to various groups of individuals from different regions, primarily aged between 18 and 59, but also including younger individuals under the age of 18. These groups are diverse in terms of gender identity and sexual orientation.

  Animal Behavior, as a sub-entity, encompasses a wide range of actions, postures, and communication methods exhibited by various species of animals, particularly cats.

  Sexual Orientation, as a sub-entity, refers to the sexual orientation identities of individuals across various global demographics, as indicated by multiple data sources.

  Optimization, as a sub-entity, is a multidisciplinary field that focuses on finding the best solution to a problem using mathematical methods.

  Sports, as a sub-entity, is a broad term encompassing various physical activities that involve competitive performance, skill, and structured play. These activities can be found in various forms, such as games, matches, and events, and are primarily undertaken for enjoyment, entertainment, and sometimes as an educational tool.

  Hunting, as a sub-entity, is a key aspect of a cat's behavior, facilitated by various physical attributes and adaptations.

  Legal Document, as a sub-entity, is a generic term for various types of written records that are recognized as having legal force or status.

  Skin Condition, as a sub-entity, encompasses various aspects related to the human skin and its associated conditions.

  Neural Networks, as a sub-entity, refer to a specific type of computational model primarily utilized for stock prediction.

  Illumination, as a sub-entity, refers to the provision of light, a function served by various devices and materials.

  Broadcasting, as a sub-entity, refers to the transmission of media content primarily through radio stations and television networks.

  Espionage, as a sub-entity, is the act of clandestine information gathering for obtaining advantages over a rival entity, such as a foreign government, organization, or individual.

  Newspaper Coverage, as a sub-entity, refers to the reporting style of various newspapers that employ colloquial phrases such as 'the whole six yards' or 'the whole nine yards' to denote comprehensive or extensive coverage on various topics.

  Disorders, as a sub-entity, are mental health conditions that can significantly impact an individual's behavior, emotions, and interpersonal relationships.

  Sexuality Research, as a sub-entity, is a broad field of study encompassing various aspects of human and animal sexual behavior, attitudes, and health.

  Trigonometry, as a sub-entity, is a branch of mathematics that deals with relationships between angles and the lengths of the sides of triangles.

  Neuroscience, as a sub-entity, is the scientific discipline that investigates the structure, function, development, and pharmacology of the nervous system.

  Messaging, as a sub-entity, encompasses various methods of communication between individuals or groups.

  Drugs, as a sub-entity, primarily refer to narcotic substances and psychotropic substances, including cannabis.

  Techniques, as a sub-entity, are methods or procedures employed for a specific purpose.

  Weather, as a sub-entity, encompasses a wide range of atmospheric conditions, including temperature.

  Battery Maintenance, as a sub-entity, primarily refers to the care and handling of lead-acid car batteries, a type of rechargeable battery used in vehicles.

  Mesoamerican, as a sub-entity, refers to a historical and geographical region encompassing various cultures in Mexico and Central America, sharing common traits due to cultural diffusion.

  Homophobia, as a sub-entity, is a deep-seated fear, discomfort, or rejection towards individuals who identify as homosexual or exhibit same-sex attraction.

  City Council Meeting, as a sub-entity, is a gathering of a city's governing body, typically consisting of a mayor and council members, to discuss and decide upon matters that affect the city's policies, budget, and overall direction.

  Laws, as a sub-entity, are a broad category of regulations that govern various aspects of society. One specific type of law, known as 'Blue laws', originated in the United States and were historically implemented to enforce religious observance or promote moral behavior.

  The entity 'Behavioral Health' is a high-level community of topics that encompasses various practices, substances, therapies, and disciplines that contribute to the understanding, prevention, and treatment of mental, emotional, and behavioral disorders. This field is characterized by its holistic approach, emphasizing the importance of addressing the whole person, rather than just the symptoms of a disorder.""
}"
2,"{
  'entity_name': 'Classic Animated Stories',
  'detailed_summary': 'Classic Animated Stories is a high-level community of topics that encompasses a rich tapestry of narratives, characters, and artistic expressions. This entity is deeply rooted in literature, music, and popular culture, with connections to various sub-entities that contribute to its depth and diversity.

  The literary realm includes timeless fairy tales such as Cinderella, which have been adapted and reimagined across various mediums and cultures. Notable works within this sub-entity also include classic novels like Dracula and Carmilla, which have shaped the modern vampire mythos. Additionally, the entity includes works on folklore, mythical creatures, and psychology, offering insights into the human psyche and the supernatural.

  Music, another significant sub-entity, serves as a powerful medium for self-expression, storytelling, and social commentary. Throughout history, music has been subject to censorship, controversy, and political influence due to its ability to challenge societal norms and provoke thought. This sub-entity also includes works on the impact of technology on music distribution, such as the rise of streaming services and digital downloads.

  Television, as a medium for broadcasting various forms of entertainment and information, has been instrumental in shaping popular culture and public discourse. Notable television personalities and shows, such as Maury Povich, Cinderfella, and Dark Shadows, are part of this sub-entity.

  Crime Documentation, a collection of documents detailing various aspects of criminal activities, investigations, trials, and related topics, is another sub-entity. These documents include works by authors such as AVRO MANHATTAN, who writes about Catholic conspiracies, and GUNN IP, who critiques Michael L. Millenson's book.

  The Battle of Thermopylae, a significant historical event, is also part of this entity. This battle, which is often considered a turning point in the Greco-Persian Wars, is documented in various sources and has endured as a symbol of bravery, sacrifice, and resistance.

  The Stepsisters, as depicted in various fairy tales and adaptations, are known for their wicked behavior towards Cinderella. They exhibit a lack of empathy and kindness, often taunting and mocking Cinderella due to their vanity and selfishness.

  Conspiracy Theories is a diverse range of theories that question official versions of events, often involving secret plots by powerful groups. These theories have been explored in various books, including 'Conspiracy Theories and Secret Societies For Dummies' by Christopher Hodapp.

  Vampires are supernatural beings that have been a significant part of literature, film, and popular culture since the 19th century. The modern vampire legend was largely shaped by Bram Stoker's novel Dracula, which introduced the character of Count Dracula and popularized the use of mirrors as a means to ward off vampires.

  Tom Hanks, an American actor, producer, and filmmaker, is a renowned figure in the film industry. Hanks has been involved in various activities such as collecting manual typewriters, creating an iOS app called Hanx Writer, donating blood antibodies for virus research, officiating a wedding, founding Hanx for the Troops coffee company, writing short stories and novels, voicing Sheriff Woody in the Toy Story films, directing comedies, and launching his production company Playtone.

  Book Identification refers to the unique identification system used for books, primarily through the International Standard Book Number (ISBN). This system allows for accurate and efficient distribution, cataloging, and management of books in various databases, libraries, and booksellers.

  The Toyota RAV4 is a popular compact crossover SUV produced by the Japanese automaker Toyota. While not explicitly mentioned in the provided descriptions, it can be inferred that the RAV4 is an electric vehicle based on the information that actor Tom Hanks owns a Toyota RAV4 EV.

  The Robotics Laws, a fundamental concept in science fiction, were primarily established by Isaac Asimov. The Three Laws of Robotics, consisting of: 1) A robot may not injure a human being or, through inaction, allow a human being to come to harm; 2) A robot must obey the orders given it by human beings except where such orders would conflict with the First Law; and 3) A robot must protect its own existence as long as such protection does not conflict with the First or Second Laws.

  Journalism is a diverse and multifaceted field encompassing various media outlets and individuals. Journalism serves as a platform for critical analysis, fact-checking, and the dissemination of news and information. However, it is also subject to controversy, as some outlets have been accused of publishing fabrications or falsehoods.

  Classical Music refers to a broad genre of music that emerged during the Baroque, Classical, and Romantic periods in Western history. Notable composers associated with this genre include Johann Sebastian Bach, Antonio Salieri, Wolfgang Amadeus Mozart, and Richard Wagner.

  Animated Film Reviews is a collective of numerous film critics and reviewers who have provided their opinions on various animated films, with a notable focus on the movie Ratatouille. The film received widespread acclaim, as evidenced by the numerous positive reviews it received from critics.

  History encompasses a vast array of events, conflicts, and cultural developments spanning various time periods and geographical regions. Notable historians who have contributed significantly to our understanding of history include George B. Grundy, J B Bury, Aelian, William of Newburgh, FRITZ GLEN A, D.J. Smith, Eusebius of Caesarea, FEHLING D, Robert Blake, Morris Ian MacGregor, King James, Diodorus, Russell Meiggs, Justin Marozzi, Ephorus, Reginald Macan, George Rawlinson, John Heywood, JF Lazenby, George Campbell, Maimonides, Olwen Hackett, Aubrey de Selincourt, Diodorus Siculus, Osbert Guy Stanhope Crawford, George Cawkwell, KIRAKOS GANDZAKESTI, and others.

  Quranic Surahs are the chapters of the Quran, the holy book of Islam. They are a significant part of Islamic religious texts and worship, containing various narratives, teachings, and prayers.

  Royalty, as depicted in various sources, encompasses a diverse range of individuals and entities associated with monarchies and high-ranking positions within royal households. These include kings, queens, princes, and princesses, among others. The character of Santa Claus, though not traditionally considered royalty, is often associated with the holiday season and gift-giving, thus sharing some similarities with royal figures.

  The Tooth Fairy is a mythical figure in Western cultures, primarily recognized for visiting children during sleep and exchanging their lost baby teeth for small gifts, money, or tokens. This tradition serves as a symbolic and comforting transition from babyhood to childhood.

  Robotics, as a concept, is extensively explored in science fiction literature, particularly in the works of renowned authors such as Isaac Asimov and Philip Pullman.

  Palmistry Analysis is a practice that involves analyzing the lines, shapes, and other physical attributes of a person's hand to predict character traits, future events, or health issues.

  Miscellaneous (6) encompasses a diverse range of literary entities and events, spanning various genres, authors, and time periods. This category includes characters such as the walrus from Lewis Carroll's 'Through the Looking Glass,' Oscar Wilde, and the gamekeeper Mellors from D.H. Lawrence's 'Lady Chatterley's Lover.' It also includes works like J.D. Salinger's 'The Catcher in the Rye,' Elaine Shepard's 'The Doom Pussy,' and Julia Quinn's 'An Offer from a Gentleman.'

  California is a significant location due to its association with the renowned actor Tom Hanks. Hanks was born in Concord, California, and later attended Chabot College in Hayward, California, where he studied theater.

  Art Deco Architecture is a distinctive and visually striking architectural and artistic movement that emerged in the 1920s. Characterized by its bold geometric shapes, rich colors, and lavish ornamentation, Art Deco represents an eclectic aesthetic that draws inspiration from various sources such as Egyptian, Aztec, and Mayan art, as well as Cubism and Futurism.

  Aladdin is a central character in various adaptations of the Arabian folktale, known for his heroic deeds. He is initially intended to marry Princess Pari Banou, but his life takes a turn when he saves Princess Badroulbadour, the Sultan's daughter, from an unwanted marriage.

  Triumph, as inferred from the provided descriptions, represents a recurring theme and narrative structure in various stories, particularly those classified under the ATU Type 510A, such as Cinderella. This theme revolves around a young protagonist who faces adversity and hardship at the hands of cruel family members or others, but ultimately triumphs through kindness, wit, and perseverance.

  The '27 Club' is a well-known group of musicians who died prematurely at the age of 27. This term gained popularity following the deaths of Jimi Hendrix, Janis Joplin, Jim Morrison, and others, leading to numerous speculations and theories.

  The Entertainment Industry is a dynamic and influential sector, as evidenced by the careers of various notable figures. One such figure is Tom Hanks, an American actor and filmmaker, who has made a significant impact on the industry.

  Cartoon Similarities refer to the resemblances between various animated productions, primarily focusing on the Brazilian computer graphics cartoon Ratatouing produced by Vídeo Brinquedo and the Pixar film Ratatouille. Ratatouing, which has been criticized as a 'ripoff' of Ratatouille, features an anthropomorphic rat character similar to Remy from the original film and is set in a kitchen environment where food preparation plays a significant role.'
}"
3,"{
  'entity_name': 'Languages (2)',
  'detailed_summary': 'The entity ""Languages (2)"" encompasses a diverse and multifaceted community of spoken and sign languages, each with unique characteristics, grammar, vocabulary, and pronunciation. This community includes a wide range of languages such as Arabic, Germanic, Indigenous Speech, and various African languages. Notable contributors to the Arabic language include scholars who have made significant contributions to its literature, grammar, and standardization. Arabic Dialects, on the other hand, are regional and local languages that are not mutually comprehensible with Modern Standard Arabic, playing a crucial role in preserving local identities and traditions. The Germanic language family, with roots in Proto-Germanic, includes modern languages like English, Dutch, and German, and has significantly influenced the development of modern languages. Indigenous Speech refers to the unique linguistic systems used by various indigenous communities worldwide, such as Yola, Chipilo Dialect, Yawuru, and Kriol. Language Borrowing, a prevalent phenomenon across various languages, is demonstrated by the influence of Arabic on languages like Tamazight, Kanuri, and Maltese, and the influence of Persian, Hellenistic Greek, and Turkish on Arabic. The diversity within this high-level community of topics is a testament to the linguistic richness and complexity of the world, reflecting historical and cultural interactions between different societies. The preservation, promotion, and advancement of these languages are crucial for maintaining cultural identity, traditions, and historical knowledge.'
}"
4,"{
  'entity_name': 'Mexican Cuisine',
  'detailed_summary': 'Mexican Cuisine is a rich and diverse culinary tradition that showcases the unique flavors, ingredients, and cultural influences of Mexico. Its roots can be traced back to the Mesoamerican Civilizations, where indigenous societies thrived and developed advanced agricultural practices, complex social structures, and intricate art and writing systems. The arrival of European powers, particularly the Spanish, during the Colonial History period introduced new ingredients, cooking techniques, and religious and symbolic traditions that significantly impacted Mexican Cuisine. The Spanish colonial period saw the establishment of the New Spain colony, the spread of Catholicism, and the development of artistic and architectural complexes. The American colonial period in the Philippines, while not directly influencing Mexican Cuisine, is mentioned for contextual purposes as it demonstrates the broader impact of European colonization on various regions. The political leaders of Mexico, particularly during the Mexican Revolution 1910-1920, played a significant role in shaping the nation's political landscape, economy, and society, which in turn influenced the development and evolution of Mexican Cuisine. The Revolution led to the overthrow of the long-standing Porfirio Díaz regime and the establishment of a new political order that aimed to address the country's deep-seated issues and promote social justice. The demographic landscape of Mexico, with its diverse ethnic groups, religions, and socioeconomic statuses, also contributes to the richness and diversity of Mexican Cuisine. Key ingredients include chiles, corn, and Nopal, while dishes like Mole Sauce, Pozole, Champurrado, and Barbecoa are representative of the cuisine. The Military in Mexico, while not directly involved in the preparation of food, plays a crucial role in maintaining national security, ensuring the defense of Mexico, and in some cases, has been involved in the development and improvement of military technology. The Mexican Armed Forces, in particular, have a rich history and are responsible for the design, research, and testing of various weapons and vehicles to ensure the effectiveness and readiness of their forces. The Mexican government, through various political entities, has played a role in shaping the nation's culinary landscape, from the implementation of the Rancho land grant system to the establishment of the United Mexican States. The Constitution of Mexico, as established in 1917, outlines a three-tiered system of government encompassing the federal Union, state governments, and municipal governments, which have a role in the administration and governance of Mexican Cuisine. The cuisine is also influenced by cultural exchange, as evidenced by the creation of dishes like the TAMALE, AGUAS FRESCOS, and Caesar salad, which reflect the fusion of Native American and European influences. Overall, Mexican Cuisine is a testament to the creativity, diversity, and richness of traditional culinary practices, shaped by the country's history, culture, and demographic landscape.'
}"
5,"{
  ""entity_name"": ""Miscellaneous (7)"",
  ""detailed_summary"": ""Miscellaneous (7) is a multifaceted entity that encompasses a diverse range of topics, entities, and events. It includes various sub-entities, each representing unique aspects of the high-level community of topics.

1. Miscellaneous (4) is a versatile entity that appears in various documents and sources, each providing unique insights into its characteristics. It is referenced in multiple documents, including those with IDs a2068640-c5c9-4817-b5bd-96eb0cf42c1b, 504cb21d-2325-44fa-af14-b926dc052a90, 6ac48481-4450-40cc-b52d-0591f33825fe, d5bb3e776-bdf8-4bbb-a1b2-f43604d4e2a9, 9a231a56-cbe6-449e-9e59-099b83aa6005, and 5458f998-1ca0-44a4-88ff-f51c3c2b59da, 3ab06dbc-ab18-42bb-9687-d49d8173b6fc, 472b5fc4-d5dd-4ffe-b763-09f155980143, and 5bef3467-a4dc-4680-9ff1-b97b61086d68. It is associated with various documents, articles, and books, such as 'Turmoil and Triumph: My Years as Secretary of State,' which is linked through Document ID '6ac48481-4450-40cc-b52d-0591f33825fe.' It is also connected to articles like 'Do You Know Where Your Healing Crystals Come From?' and 'An article that critiques various aspects of a specific topic.'

2. Airlines, in this context, primarily refers to British Airways, a major British airline corporation that operates out of Heathrow Airport and Gatwick Airport, serving over 170 destinations in 70 countries. British Airways is known for its tiered loyalty programme called Executive Club, offers flights, lounges, and a buy on board system with food designed by Tom Kerridge. The airline operates a fleet of 253 aircraft, with 47 orders placed for future acquisitions. It has faced challenges such as a data breach in 2018, a computer power failure in 2017, and the temporary closure of Airway R-20 in 2020, which it resisted. British Airways has also been involved in subsidiaries and franchises, including Flybe and Eurostar, although it sold its stake in Flybe in 2014. Staff working for British Airways are represented by various trade unions, such as the British Air Line Pilots' Association and Unite the Union. British Airways has experienced significant events throughout its history, including the retirement of its entire 747-400 fleet in 2020, the incorporation of modern and fuel-efficient aircraft such as the Airbus A350 and Boeing 787, and plans to eliminate carbon emissions by 2050. The airline has been consistently ranked within the top 20 safest globally and is committed to providing safe air travel services.

3. Terrorist Attacks refer to violent incidents perpetrated by individuals or groups with the intention of causing fear, destruction, and loss of life. These attacks can occur in various forms, such as mass shootings, bombings, and hijackings, and have been documented across different regions and time periods. Some notable examples include the 1969 Altamont Free Concert tragedy, where Hells Angels members stabbed Meredith Hunter to death; the 9/11 attacks on the United States in 2001, which resulted in significant disruptions, particularly in the aviation industry; the 2017 Sutherland Springs Church Shooting in Texas; and the 2004 Madrid Train Bombings in Spain. These attacks have sparked international outrage, calls for accountability, and the development of counterterrorism measures. They also underscore the importance of addressing issues related to violence, safety, and security, and highlight the need for effective measures to prevent such tragedies from occurring.

4. The Autobahn is a network of high-speed motorways in Germany, initially built for military purposes but later used primarily for civilian transportation. This extensive road system, renowned for its lack of speed limits on many sections, serves as the country's primary means of long-distance travel, connecting major cities and regions. The Autobahn is a crucial part of Germany's infrastructure, with unique traffic rules and tolls collected for heavy vehicles on certain sections. It is important to note that the Autobahn is a type of highway in Germany, making it a significant component of the country's overall road system. The Autobahn network spans approximately 13,192 kilometres (8,197 miles) as of 2021. The Autobahn network is equipped with various facilities such as parking rest areas for trucks, rest areas, emergency telephones, and dynamic traffic guidance systems to ensure convenience and safety for travelers. The Autobahn system has faced challenges such as unfinished projects, speed limit discussions, and safety concerns, but it remains a significant part of Germany's transportation infrastructure.

5. The Ancient Wars refer to a series of conflicts that took place between Greece and the Persian Empire, primarily during the 5th century BCE. These wars, known as the Greco-Persian Wars, were significant military engagements in ancient history, marking a period of intense struggle for dominance between these two powerful civilizations. The wars began with the Persian invasion of Greece, led by King Darius I, and culminated in the Battle of Plataea, which marked the end of the Persian invasion of Greece and the repulsion of Persian forces from mainland Greece. The Greeks, primarily city-states such as Athens, Sparta, and Thebes, banded together to resist the Persians, demonstrating their resilience and determination. Key battles during these wars include the Battle of Marathon, the Battle of Thermopylae, the Battle of Salamis, and the Battle of Plataea. The Greeks employed the hoplite phalanx formation, a tightly packed infantry formation, in many of these battles, which proved effective against the larger Persian forces. The Ancient Wars played a crucial role in shaping the course of history during the Classical period, with significant implications for the development of Western civilization.

6. Geography refers to the study of the Earth's physical features, including landforms, bodies of water, and climates. It also encompasses human-made features such as cities, towns, and countries. Geographical entities can be as small as a single location or as large as a continent. The study of geography helps us understand the world around us, navigate, and interact effectively with different environments. Geographical entities can be found in various stages of development, from developing nations focusing on industrialization and modernization to developed countries with advanced infrastructure. Some geographical entities have unique characteristics, such as Ontario in Canada, which is the only province where employers are not allowed to use polygraphs during the hiring process. Historical geographical entities include the Cape Colony, which eventually evolved into modern-day South Africa and Lesotho, and New France, a former French colony in North America. Geographical entities can also be affected by natural disasters or catastrophic events, such as the Wasteland, a desolate area believed to have been affected by an unknown event. Geographical locations are also significant in cultural and historical contexts, such as Southwest Ethiopia, where anthropologists conducted research, and Southern Cyprus, home to a Neolithic grave. Geographical entities can be part of shared jurisdictions, such as the International Waters, located beyond the jurisdiction of any single nation. They can also be part of organizations, such as the East African Community, which includes Rwanda and Burundi. Geographical entities can be islands, such as SINIA, where a prince encounters a fairy, or countries, such as Tanzania, home to the Coast Veddas and the birthplace of Abdulrazak Gurnah. Geographical entities can also be regions, such as the Raritan Valley in New Jersey, or continents, such as Africa, home to Zambia, a landlocked nation with diverse geography and wildlife.

7. The Legislative District in question is primarily associated with the city of New Brunswick, serving as a political constituency within the state of New Jersey. This district is significant as it encompasses the city of New Brunswick, as mentioned in the descriptions. The New Jersey Legislature, the state's primary lawmaking body, represents this district, with the 17th State Legislative District being specifically identified. The district is part of the Senate, which has 40 members, and the General Assembly, which has 80 members. The city of New Brunswick is governed by a Mayor-Council system, with the City Council serving as the legislative body. This body is responsible for approving budgets, ordinances, contracts, and appointments within the city. Notably, the City Council has implemented a ban on drive-through businesses in New Brunswick. The district also includes other municipalities such as Piscataway and East Brunswick, expanding its geographical scope beyond New Brunswick. The district's representatives play a crucial role in shaping laws and policies that impact the lives of residents across the district, contributing to the overall governance and development of the region.

8. Carpet Weaving is a traditional art form with a rich history and diverse cultural influences, originating from various regions such as Azerbaijan, the Polish-Lithuanian Commonwealth, Armenia, the Indian subcontinent, and Central Asia. This art form involves the intricate weaving of textiles using looms, creating handmade carpets with unique patterns, vibrant colors, and high-quality craftsmanship. In Azerbaijan, Kubashirvan is a significant branch of carpet weaving, showcasing unique patterns and techniques. The Polish-Lithuanian Commonwealth was enriched by the introduction of oriental carpets by Armenian merchants, marking a significant cultural exchange between the East and West. The Turkmen ethnic group has contributed significantly to Afghan carpet designs, while the Ghurids may have played a role in introducing carpet weaving to India. The Synagogue Carpet, dating back to the 14th century, is an early extant Spanish carpet, and the Mughal Architecture style, originating from the Mughal Empire in India, has had a profound impact on carpet designs, incorporating intricate patterns, vibrant colors, and grandeur. Following the Crusades, oriental carpets underwent a significant transformation in Europe, becoming popular due to their intricate patterns, vibrant colors, and high-quality craftsmanship. European artisans began to adapt these oriental styles, creating a fusion of Eastern and Western aesthetics in their own carpets. Jaipur and Bhadohi in India, Peshawar in Pakistan, and regions in Afghanistan are significant centers for carpet production. The Manual Labour Carpetweaving Cooperative Society, established in 1920, played a significant role in preserving and promoting the artisanal craft of carpet weaving in Bulgaria. Northern Africa is a significant hub for knotted carpet production, while the Baloch tribes in the region inhabited by the Baloch people are renowned for their traditional craftsmanship in carpet weaving. The Asymmetrical Knot, also known as the Persian or Senna knot, and the Symmetrical Knot, also known as the Turkish or Ghiordes knot, are the two main types of knots employed in carpet production. Armenian carpets, such as Artsvagorgs and Vishapagorgs, are known for their intricate designs depicting eagles and dragons, respectively. The Afghan Carpets are handmade rugs of traditional tribal designs, renowned for their intricate detailing and unique patterns that reflect the rich cultural heritage of the region. Hand-knotted carpets hold substantial economic importance for both India and Pakistan, serving as a leading export product from Pakistan and a highly sought-after specialty within the Indian carpet industry. The Centuries Old Chinese Rug, the Bukhara Carpet, and the Baloch Rug are historically significant rugs originating from China, Uzbekistan, and the Baloch region, respectively. The Scandinavian region, encompassing Denmark, Norway, and Sweden, is known for its rich cultural heritage and the creation of rugs, while the Berlin Wool Work pattern is a distinctive design for tiled carpets that gained significant popularity in Germany and England. The Balochi are a distinct group of tribes renowned for their traditional craftsmanship in carpet weaving, creating unique Balochi carpets. The walls of historical buildings were once adorned with oriental carpets, adding an exotic touch and warmth to the interiors they graced. Kashmir, a region in India, is renowned for its significant contribution to the country's carpet industry, producing hand-knotted carpets made from either silk or wool. The Mughal Carpet Weaving is recognized for its classical phase, a significant period in the history of this art form associated with the Mughal Empire's rule in India during the 16th to 19th centuries. The Pazyryk Carpet, excavated in 1949 from a burial mound in Siberia, is the earliest surviving pile carpet, with its origins debated among experts as being either Caucasian or Persian. The Royal Settings, ecclesiastical settings, and tables were once adorned with oriental carpets, symbolizing wealth, power, and cultural exchange. The use of these carpets added a touch of cultural richness and historical significance to these spaces. The Oriental Imports entity was primarily involved in the importation of oriental carpets into Europe, contributing to the cultural exchange between Europe and the East.

9. Medieval History, spanning from the fall of the Western Roman Empire in 476 AD to the beginning of the Renaissance in the late 15th century, is a significant period in European history. This era, known as the Middle Ages, was characterized by a feudal society, where lords held power over peasants. The decline of the Roman Empire and the rise of nation states also occurred during this time. Despite the negative stereotypes associated with the Middle Ages, it was a complex and multifaceted era that encompassed various aspects of European history, culture, and society. For instance, the belief in the healing powers of crystals persisted into the Middle Ages. Additionally, many of Artemis's associations with cats were grafted onto the Virgin Mary during this period. The Middle Ages was also a time of cultural, social, and economic developments, such as the emergence of the concept of chivalry, the development of universities, and the growth of trade networks. The Middle Ages also saw the rise of Christianity, with the Catholic Church playing a dominant role in society. This period was not entirely devoid of knowledge or enlightenment, as it witnessed the preservation and expansion of classical learning, the development of new technologies, and the emergence of new ideas. However, it was also a time of conflict, with numerous wars and battles taking place across Europe, Asia, and Africa. The Middle Ages ended with the onset of the Renaissance, marking a significant transition between the Middle Ages and modern history.

10. Traffic Management refers to the organization and regulation of vehicle, pedestrian, and boat traffic to ensure safety, efficiency, and orderly flow. This system varies across different regions, with the predominant traffic management systems being Right-Hand Traffic (RHT) and Left-Hand Traffic (LHT). RHT is followed in countries such as the United Kingdom, Australia, India, and Japan, while LHT is practiced in countries like India, Bangladesh, and the United Kingdom. The RHT system requires vehicles to drive on the right side of the road, while LHT requires vehicles to drive on the left side. The steering wheel placement in vehicles also follows this pattern, with RHD vehicles having the steering wheel on the right side and LHD vehicles having it on the left side. Boat traffic also follows the RHT system, with vessels traditionally piloted from the right-hand side. Rail traffic in North America predominantly operates on the right side of the tracks, aligning with the RHT system. Roundabouts are circular intersections designed to facilitate traffic flow in both LHT and RHT systems. The UNIMOG is a versatile vehicle that offers the unique ability to switch between LHD and RHD, making it adaptable for various regional driving requirements. The Hook Turn is a maneuver in driving where a vehicle turns by moving towards the opposite side of the road before turning back onto its original side. The Righthand Exit is a type of exit used on autobahns. The left lane is primarily intended for overtaking, but when traffic conditions are too dense to justify driving only on the right lane, it becomes acceptable to drive in the left lane as well. The Hard Shoulder, also known as the emergency lane, is a designated area on roads or highways intended for vehicles to safely pull over in case of an emergency. The Starboard side is a designated area on boats, primarily utilized for boat traffic. The Model T is a car model that was produced by the Ford Motor Company and was the first mass-produced automobile, making it more affordable and accessible to a wider audience. The Strait of Dover employs a Right Hand Traffic system, and the Hook Turn and Right Hand Exit are maneuvers and exits used to navigate roads and autobahns more effectively.

11. The 'Legal' entity, as inferred from the provided descriptions, refers to various aspects of law, jurisdictions, and legal systems within the United Kingdom and its historical territories. This includes the distinct legal jurisdictions of Scotland, England, and Wales, as well as Northern Ireland, each with its unique set of laws and court structures. The Acts of Parliament serve as a means to establish or modify laws within these regions, shaping their respective societal structures and norms. The United Kingdom also has a certification rating system for games, aimed at regulating content that may be deemed inappropriate or offensive. Additionally, the British Empire, in its historical context, encompassed numerous countries that were part of its colonial empire, each with their own legal systems and political structures. This diversity in legal jurisdictions reflects the rich history and cultural differences that exist across the UK.

12. Autobahns are high-speed German motorways known for their lack of general speed limits, although a minimum advisory speed limit of 60 KMH is set on these specific roadways. These highways are designed for vehicles with top speeds greater than 60 km/h, including cars and heavy-duty trucks, which have a maximum design speed of 62 km/h. However, many drivers often exceed this limit, making the autobahn a unique driving experience compared to other road networks worldwide. Motorcycles, scooters with low engine capacity, and microcars are not permitted on the autobahn due to safety concerns. Quads and vehicles with a top speed less than 60 km/h are also prohibited. Construction sites, areas with steep terrain, and certain sections of the autobahn may have lower speed limits for safety reasons. The police enforce traffic rules and regulations on the autobahn, although they are not universally trusted by citizens. Petrol stations are strategically located approximately every 50–55 kilometers on the autobahn to prevent motorists from running out of fuel while traveling long distances. The autobahn network is monitored using speed detection loops, and the House of the German Parliament makes decisions related to speed limits. The unlimited highways in Germany are unique stretches of road that do not have speed limits, offering drivers the freedom to travel at their desired speeds within certain guidelines and conditions. The autobahn system is a significant part of the German highway system, with highways like A9 featuring high speed limits of 130 km/h.

13. European Politics encompasses the political landscape and policies of the European continent, with a specific focus on Poland due to the provided descriptions. Key political entities within Poland include the European Peoples Party (EPP), Civic Platform, Polish People's Party (POPIS), Law and Justice, and the Liberal Democratic Congress. Donald Tusk, a prominent figure in European and Polish politics, served as the President of the EPP, Prime Minister of Poland, and President of the European Council. His tenure was marked by various domestic policies, including those implemented during his second term as Prime Minister following the 2011 Polish parliamentary election. Tusk's political career was also influenced by his opposition to Communist Rule during his studies in Gdańsk. Other significant events in Polish politics include the 2007 parliamentary election, where Tusk's Civic Platform emerged victorious, and the 2023 parliamentary election, which is scheduled for the future. The political landscape has seen shifts, with the Law and Justice Party emerging as the dominant force in 2015. Soft Euroscepticism, a political stance primarily associated with Lech Kaczyński, is also present within the Polish political spectrum. The overall net approval of Tusk stands at a negative 24.4%. The European Green Deal was a focus of discussion in February 2024, with Tusk advocating for changes to the initiative. Poland is a member state of the EU and has a rich history and cultural diversity.

14. Ireland is an island nation located in the North Atlantic, primarily consisting of the Republic of Ireland and Northern Ireland. The Republic of Ireland, the modern-"
6,"{
  'entity_name': 'Nobel Prize',
  'detailed_summary': 'The Nobel Prize is a prestigious annual award given to individuals who have made significant contributions to various fields, including Chemistry, Physics, Literature, and Physiology or Medicine. The prize recognizes groundbreaking work in areas such as organic synthesis, electrolyte dissociation, polymer science, biochemistry, quantum mechanics, nuclear physics, particle physics, astrophysics, condensed matter physics, cell biology, endocrinology, genetics, immunology, microbiology, neuroscience, and psychology. Notable laureates include Marie Curie, Linus Pauling, Richard Feynman, Dorothy Hodgkin, Giorgio Parisi, Klaus von Klitzing, Max von Laue, Val Fitch, Charles Glover Barkla, Ernest Rutherford, Didier Quelz, Luis Alvarez, Robert B Laughlin, Robert Hofstadter, Niels Bohr, Jim Peebles, Russell A. Hulse, Adam G. Riess, Dr. Roy J Glabuer, Dénes Gábor, Peter Debye, Maurice Maeterlinck, Wilhelm Wien, FÜLÖP LÉNÁRD, Albert Einstein, Antoine Henri Becquerel, Pierre-Gilles de Gennes, Gabriel Lippmann, Carlo Rubbia, Wolfgang Paul, In the year 1911, Maurice Maeterlinck and Wilhelm Wien were awarded the Nobel Prize in Physics, among others. Other notable physicists who have won the Nobel Prize in Physics include William D. Phillips, Frits Zernike, Arno Penzias, Robert Woodrow Wilson, Charles Édouard Guillaume, Eric A Cornell, James Franck, Yoichiro Nambu, Louis Neel, J. Hans D. Jensen, John M. Kosterlitz, Hannes Alfvén, William A Fowler, John Strutt, Karl Manne Siegbahn, Horst Ludwig Störmer, Edward Victor Appleton, Gustaf Dalén, Hendrik Lorentz, Paul Dirac, Simon van der Meer, Johannes Diderik van der Waals, Abdus Salam, Frederick Reines, Wolfgang Pauli, John L Hall, William Henry Bragg, Pieter Zeeman, Alfred Kastler, E. M. Purcell, Henry W. Kendall, Brian P Schmidt, Kai Siegbahn, Victor Francis Hess, James Chadwick, Albert Einstein, Max Karl Ernst Ludwig Planck, Heike Kamerlingh Onnes, Cecil Frank Powell, Philipp Lenard, William Henry Bragg, William Lawrence Bragg, Theodor W. Hänsch, Norman F. Ramsey, JÉNŐ PÁL WIGNER, Ernst Ruska, Richard E. Taylor, Anne L'Huillier, Owen Williams Richards, Michel Mayor, Guglielmo Marconi, Ilya Mikhailovich Frank, Ernest Boris Chain, Kip Thorne, Herbert Kroemer, Erwin Schrödinger, Clinton Davisson, Peter Higgs, Jack Steinberger, Melvin Schwartz, Owen Chamberlain, Martinus J G Veltman, Anton Zeilinger, Giulio Marconi, Steven Chu, Joseph H. Taylor Jr., Leon M. Lederman, Willard S Boyle, Julian Schwinger, Brian Schmidt, Robert C. Richardson, Rainer Weiss, FERNCZ KRAUSZ, Arthur H. Compton, John C Mather, Donald A Glaser, Douglas D. Ohseroff, James Rainwater, Richard P. Feynman, Toshihide Maskawa, Raymond Davis Jr., Clifford G. Shull, Murray Gell-Mann, John Bardeen, James Cronin, Sheldon Glashow, and Fernenc Krausz. These physicists have made significant contributions to various areas of physics, including quantum mechanics, nuclear physics, particle physics, astrophysics, condensed matter physics, and more. The Nobel Prize in Literature has been awarded to numerous authors, including Vicente Aleixandre, Kazuo Ishiguro, Gao Xingjian, William Golding, Olga Tokarczuk, Jon Fosse, Pär Lagerkvist, Gabriela Mistral, Mario Vargas Llosa, Svetlana Alexievich, Mo Yan, Wole Soyinka, Johannes V Jensen, SELMA LAGERLÖF, Eugenio Montale, Goethe, Salvatore Quasimodo, Boris Pasternak, Roger Martin du Gard, Nelly Sachs, Camilo José Cela, Olga Tokarczuk, Jaroslav Seifert, Sully Prudhomme, Bertrand Russell, J.M. Coetzee, Karl Adolph Gjellerup and Henrik Pontoppidan, Mario Vargas Llosa, Carl Gustaf Verner von Heidenstam, Seamus Heaney, Samuel Beckett, Herta Müller, Shmuel Yosef Agnon, T.S. Eliot, Halldor Laxness, Aleksandr Solzhenitsyn, Dario Fo, the Italian scientists and writers Riccardo Giacconi, Dario Fo, Rita Levi-Montalcini, Franco Modigliani, Carlo Rubbia, Eugenio Montale, Renato Dulbecco, Salvador Luria, Giulio Natta, Emilio Segre, Salvatore Quasimodo, Enrico Fermi, Luigi Pirandello, Grazia Deledda, and Giulio Marconi, as well as the writers Camillo Golgi, Giosuè Carducci, and Dario Fo (for his work in drama), Toni Morrison, Jaroslav Seifert, and many others. The field of literature has been the subject of numerous misconceptions, with famous figures often having their quotations incorrectly attributed to them. The Nobel Prize in Physiology or Medicine has been awarded to numerous laureates in this category, including Andrew Huxley, Louis J Ignarro, Edward A Doisy, Paul D Boyer, James W. Black, Michael Rosbash, Renato Dulbecco, Peter Mansfield, Paul Ehrlich, Richard Axel, Francis Peyton Rous, Harold E. Varmus, Allan Wilson, J. Michael Bishop, Paul Nurse, Godfrey Hounsfield, John E. Sulston, Richard J. Roberts, John Robert Vane, Bruce Beutler, John Carew Eccles, Ernst Boris Chain, Charles Scott Sherrington, David Horrobin, Robert W. Holley, Barbara McClintock, Gertrude B. Elion, FEODOR FELIX KONRAD LYENE, Alan Lloyd Hodgkin, Stanley B. Prusiner, George R Minot, Michael W. Young, Wesley Brown, Edward C Kendall, David Julius, William P. Murphy, Barry Marshall, Michael Houghton, Edward Tatum, Edward Adelbert Doisy, Harvey J Alter, Phillip A. Sharp, Andrew Z Fire, Charles M. Rice, Ernst Boris Chain, Joseph E. Murray, James Allison, TASUKU HONJO, E. Donnall Thomas, Gertrude B. Elion, Joseph Goldstein, António Egas Moniz, Leland H. Hartwell, Michael S Brown, Thomas R. Cech, Edwin G. Krebs, Rodney Robert Porter, Ronald Ross, John B. Gurdon, Linda B Buck, Peter J Ratcliff, Julius Axelrod, David Baltimore, Ato Dulbecco, Elizabeth Blackburn, Jeffrey C. Hall, GREGG L SEMENZA, Joseph Erlanger, ERIC F. WIESCHAUS, Rebecca L. Cann, and Mark Stoneking. Their work has spanned various areas, including neurophysiology, immunology, genetics, molecular biology, and cancer research. The Nobel Memorial Prize in Economic Sciences has been awarded to numerous scholars, including James A. Mirrlees, James Tobin, Joshua Angrist, John Harsanyi, Trygve Haavelmo, Paul Krugman, Christopher A Pissarides, Robert W. Fogel, Finn E Kydland, Ben Bernanke, James M Buchanan, Kenneth J. Arrow, J Stigler, Gunnar Myrdal, Bengt R Holmström, Clive W. J. Granger, Maurice Allais, Paul A. Samuelson, Guido Imbens, George J Stigler, Harry M. Markowitz, Edward C Prescott, Gérard Debreu, Gary S. Becker, Robert W. Engle, William F. Sharpe, Ronald Coase, Wassily Leontief, Jan Tinbergen, Ron Scholes, Ales Bialiatski, Svetlana Alexievich, Simon Kuznets, Richard H. Thaler, Philip H. Dybvig, Oliver Eaton Williamson, Merton H. Miller, Dale T Mortensen, Daniel Kahneman, Myron Scholes, Robert J Shiller, Douglass C. North, Amartya Sen, Joseph E Stiglitz, Lars Peter Hansen, Simon Kuznets, ABHIJIT BANERJEE, Esther Duflo, Michael Kremer, Friedrich Hayek, Paul R Milgrom, TJALLING C KOOPMANS, János Harsányi, David Card, Robert B Wilson, W. Arthur Lewis, Eric Maskin, Roger Myerson, Edmund Phelps, and many others. Their work has contributed to various areas within economics, including economic theory, economic growth, monetary economics, international trade, labor economics, development economics, and behavioral economics. The field of Mitochondrial Medicine has been significantly advanced by numerous Nobel Prize laureates in Physiology or Medicine, including Andrew Huxley, Louis J Ignarro, Edward A Doisy, Paul D Boyer, James W. Black, Michael Rosbash, Renato Dulbecco, Peter Mansfield, Paul Ehrlich, Richard Axel, Francis Peyton Rous, Harold E. Varmus, Allan Wilson, J. Michael Bishop, Paul Nurse, Godfrey Hounsfield, John E. Sulston, Richard J. Roberts, John Robert Vane, Bruce Beutler, John Carew Eccles, Ernst Boris Chain, Charles Scott Sherrington, David Horrobin, Robert W Holley, Barbara McClintock, Gertrude B. Elion, FEODOR FELIX KONRAD LYENE, Alan Lloyd Hodgkin, Stanley B. Prusiner, George R Minot, Michael W. Young, Wesley Brown, Edward C Kendall, David Julius, William P. Murphy, Barry Marshall, Michael Houghton, Edward Tatum, Edward Adelbert Doisy, Harvey J Alter, Phillip A. Sharp, Andrew Z Fire, Charles M. Rice, Ernst Boris Chain, Joseph E. Murray, James Allison, TASUKU HONJO, E. Donnall Thomas, Gertrude B. Elion, Joseph Goldstein, António Egas Moniz, Leland H. Hartwell, Michael S Brown, Thomas R. Cech, Edwin G. Krebs, Rodney Robert Porter, Ronald Ross, John B. Gurdon, Linda B Buck, Peter J Ratcliff, Julius Axelrod, David Baltimore, Ato Dulbecco, Elizabeth Blackburn, Jeffrey C. Hall, GREGG L SEMENZA, Joseph Erlanger, ERIC F. WIESCHAUS, Rebecca L. Cann, and Mark Stoneking. Their work has spanned various areas, including neurophysiology, immunology, genetics, molecular biology, and cancer research. The field of Mitochondrial Medicine has been impacted by the early research of scientists like Allan Wilson and Wesley Brown, who focused on the study of human mitochondrial DNA (mtDNA). This research has been instrumental in understanding the genetic basis of various diseases and the evolution of the human species. In recent years, Svante Pääbo has made significant contributions to the field of genetics and evolutionary biology, which have been recognized with the Nobel Prize. Additionally, a systematic review on Complementary and Alternative Medicine (CAM) was conducted in 2022, providing insights into the effectiveness, safety, and appropriateness of various CAM practices.'
}"
7,"{
  'entity_name': 'Supernatural Beliefs',
  'detailed_summary': 'Supernatural Beliefs encompasses a vast array of entities, characters, and practices that transcend various cultures, time periods, and religious traditions. This entity includes Fictional Characters, a diverse group of entities from narratives spanning different genres, cultures, and historical periods. These characters can be found in works such as Operation Chaos, Faust, and Aladdin, and range from powerful leaders like Lord Asriel to kitchen slaves like Allerleirauh. Some characters serve as sources of information or guides, while others are associated with rituals for expelling spirits or fortune-telling. Another sub-entity within Supernatural Beliefs is Islamic Entities, which includes a wide range of supernatural, mythical, and theological entities within the Islamic and Arabic belief systems. These entities include spirits like the Ṭard Or Dafʿ Alshayṭānaljinn, theological schools of thought like the ATHARIS, and phenomena like the Doppelgänger. The entity also includes paranormal beings like the Poltergeist, demons like the CACODEMOMANIS, and entities like the EVIL YIN SPIRIT KUEI from Chinese culture. The Witches Occult, Harpies, and the Joy of Satan Ministries are other examples of entities within this sub-entity. Exorcism, a religious practice aimed at expelling demons or evil spirits, is another significant aspect of Supernatural Beliefs. It is a practice found in various cultures and religions, including Catholicism, Taoism, and Islam. Notable exorcism cases include the Exorcism of Roland Doe, Anneliese Michel, and Araneta. Religion, a complex and multifaceted entity, is also a part of Supernatural Beliefs. It encompasses various Christian denominations, such as Catholicism, Orthodoxy, and Mormonism, and is characterized by its belief in a supreme being, angels, and demons. Religion is also associated with practices like exorcism, which is performed by high-ranking religious leaders within their respective faith communities. Palmistry, a pseudoscientific practice involving the study and analysis of the palm for predicting future events or interpreting personality traits, is another sub-entity within Supernatural Beliefs. This practice has roots in various traditions such as Hindu astrology, Chinese Yijing, and Babylonia, and is mentioned in texts related to Kabbalah. Umbanda, an Afro-Brazilian folk religion that emerged in the early 20th century, is another sub-entity within Supernatural Beliefs. It is characterized by the practice of spirit possession, where a person's body is temporarily controlled by a spirit during trance states. Umbanda combines elements from various religious traditions such as Catholicism, Candomblé, and Spiritism. Charity, as depicted in the provided descriptions, is another sub-entity within Supernatural Beliefs. It encompasses a wide range of organizations, individuals, and movements dedicated to providing aid, support, and resources to those in need. This entity can be traced back to as early as the 16th century with the Society of Jesus and continues to the present day with organizations like Médecins Sans Frontières. Vampires, a multifaceted entity that has been a subject of folklore, superstition, and contemporary subculture across various regions and time periods, is another sub-entity within Supernatural Beliefs. The Ancient Egyptians, with their extensive mining activities and beliefs in amulets and crystals for healing and protection purposes, are another sub-entity within Supernatural Beliefs. Possession, a supernatural event where an individual is believed to be inhabited by a spirit, demon, or entity from another realm, is another significant aspect of Supernatural Beliefs. This phenomenon is observed across various cultures, periods, and regions, including Africa, Europe, Asia, and the Americas. The entity 'Crossing' refers to the act of traversing a body of water or land path, as described in various historical and religious accounts, and is another sub-entity within Supernatural Beliefs. Hinduism, a religion deeply rooted in Indian history, is another sub-entity within Supernatural Beliefs. It is known for its belief in spirit possession, a unique dimension that adds a spiritual layer to its practices. The entity 'Balancing' refers to the act of maintaining equilibrium or stability, often through careful manipulation or positioning, and is another sub-entity within Supernatural Beliefs. Carpets/Textiles, a wide range of traditional and handmade rugs and kilims, produced across various regions including Pirot, Serbia, Chiprovtsi, Bulgaria, and parts of Turkey, Iran, and the Middle East, is another sub-entity within Supernatural Beliefs. Sushi, a traditional Japanese cuisine, is another sub-entity within Supernatural Beliefs. Mythical Creatures, as depicted in various folklore from Southeast Asia and Albania, are another sub-entity within Supernatural Beliefs. Ayurveda, an ancient Indian system of traditional medicine, is another sub-entity within Supernatural Beliefs. The Economic Crisis, a significant event or series of events characterized by a decline in economic activity, is another sub-entity within Supernatural Beliefs, as it is sometimes used metaphorically to describe the process of overcoming or eliminating a problem, such as an economic crisis, due to its connotation of a dramatic, transformative event. The 'Spyglass', a metaphorical entity in the novel of the same name, 'The Amber Spyglass', is another sub-entity within Supernatural Beliefs. Butter, a historical substance that was traditionally used in ancient rituals, is another sub-entity within Supernatural Beliefs. The 'Spyglass' is a metaphorical entity in the novel of the same name, 'The Amber Spyglass', and is another sub-entity within Supernatural Beliefs. The 'Spyglass' is a novel set in an alternate universe and follows the journey of two main characters, Lyra and Will, who are protected by two Gallivespian characters, Lady Salmakia and Chevalier Tialys. Among the humans, Will is a significant figure who proposes a theory about Spectres causing mental illness, while Lyra, known by some witches as the second Eve, tries to blend in with the Gyptian community. Serafina Pekkala, a powerful witch who leads the witch clan at Lake Enara, is also a prominent character in the novel. She possesses unique abilities, including locating individuals and influencing dreams, and is known for her friendship with the Gyptians. The novel also touches upon topics such as the migration of armored bears, which seems to be a result of a situation similar to global warming.'
}"
